check_name,finding_count
conversations_duplicate_unread_ids,0
conversations_null_listing,0
conversations_same_buyer_seller,0
listings_empty_ships_to,0
listings_over_10_tags,0
listings_over_5_images,0
listings_status_active,25
listings_status_draft,0
listings_status_pending,0
listings_status_rejected,0
listings_status_sold,0
listings_zero_images,0
messages_over_2000_chars,0
notice_posts_missing_contact_handle,2
profiles_case_insensitive_duplicate_handles,0
profiles_duplicate_user_ids,3
profiles_suspended,0
storage_objects,8
users_admin,0
users_super_admin,0
